{
  "project_info": {
    "project_number": "296559667221",
    "project_id": "lens-application-ccc15",
    "storage_bucket": "lens-application-ccc15.appspot.com"
  },
  "client": [
    {
      "client_info": {
        "mobilesdk_app_id": "1:296559667221:android:48880806470f65eb17061c",
        "android_client_info": {
          "package_name": "com.example.mymapp"
        }
      },
      "oauth_client": [],
      "api_key": [
        {
          "current_key": "AIzaSyDklZOJm0_hRU2tIu-7ifWOiqrW3uKsnHg"
        }
      ],
      "services": {
        "appinvite_service": {
          "other_platform_oauth_client": []
        }
      }
    }
  ],
  "configuration_version": "1"
}